gvp_id,lat,lon,total_complaints,recurrence_count,recurrence_rate,average_days_between_complaints,average_cleanup_interval,distance_to_market_m,distance_to_bin_m,collection_frequency_per_week,near_school,near_bus_stop,population_density,risk_level,cluster_id,risk_score,computed_risk_tier,predicted_root_cause,days_since_last_cleanup,cluster_avg_recurrence_rate,cluster_size,near_school_num,near_bus_stop_num,population_density_num,rf_predicted_recurrence_rate,worst_factor,recommended_action
GVP066,17.760131,83.289516,38,37,0.9736842105263158,19.56756756756757,21.75757575757576,10,292,1,True,False,medium,High,0,0.9308,High,"no_bin_nearby, market_proximity, low_collection_frequency, chronic_recurrence",0,0.89534063715751,235,1,0,1,0.9593,Far from nearest bin,Install new waste bin within 100m
GVP052,17.755141,83.31469,38,37,0.9736842105263158,18.72972972972973,21.625,10,268,2,False,False,medium,High,0,0.902,High,"no_bin_nearby, market_proximity, low_collection_frequency, chronic_recurrence",0,0.89534063715751,235,0,0,1,0.9593,Far from nearest bin,Install new waste bin within 100m
GVP292,17.729413,83.303331,27,26,0.9629629629629628,26.346153846153847,29.565217391304348,10,240,1,False,True,high,High,0,0.8986,High,"no_bin_nearby, market_proximity, low_collection_frequency, chronic_recurrence",0,0.8953864544547893,235,0,1,2,0.9593,Far from nearest bin,Install new waste bin within 100m
GVP007,17.767747,83.301536,36,35,0.9722222222222222,20.142857142857142,21.33333333333333,10,384,2,True,False,medium,High,0,0.96,High,"no_bin_nearby, market_proximity, low_collection_frequency, chronic_recurrence",0,0.8953468849707752,235,1,0,1,0.9593,Far from nearest bin,Install new waste bin within 100m
GVP044,17.760377,83.286686,28,27,0.9642857142857144,26.444444444444443,28.36,68,254,1,True,True,medium,High,0,0.8928,High,"no_bin_nearby, market_proximity, low_collection_frequency, chronic_recurrence",0,0.8953808016713586,235,1,1,1,0.9592,Far from nearest bin,Install new waste bin within 100m
GVP162,17.744459,83.291418,29,28,0.9655172413793104,24.857142857142858,28.95833333333333,49,224,1,False,False,high,High,0,0.8828,High,"no_bin_nearby, market_proximity, low_collection_frequency, chronic_recurrence",0,0.8953755387350613,235,0,0,2,0.9592,Far from nearest bin,Install new waste bin within 100m
GVP284,17.740995,83.290621,27,26,0.9629629629629628,26.923076923076923,30.47826086956522,10,220,1,False,False,high,High,0,0.8885,High,"no_bin_nearby, market_proximity, low_collection_frequency, chronic_recurrence",0,0.8953864544547893,235,0,0,2,0.9592,Far from nearest bin,Install new waste bin within 100m
GVP198,17.756627,83.299356,28,27,0.9642857142857144,25.703703703703702,27.72,74,184,2,True,False,medium,High,0,0.8393,High,"no_bin_nearby, market_proximity, low_collection_frequency, chronic_recurrence",0,0.8953808016713586,235,1,0,1,0.9591,Far from nearest bin,Install new waste bin within 100m
GVP286,17.740499,83.296311,28,27,0.9642857142857144,26.07407407407408,29.33333333333333,91,366,1,True,True,low,High,0,0.9442,High,"no_bin_nearby, market_proximity, low_collection_frequency, chronic_recurrence",0,0.8953808016713586,235,1,1,0,0.9591,Far from nearest bin,Install new waste bin within 100m
GVP037,17.742278,83.291394,28,27,0.9642857142857144,24.40740740740741,27.5,75,191,1,False,True,medium,High,0,0.8593,High,"no_bin_nearby, market_proximity, low_collection_frequency, chronic_recurrence",0,0.8953808016713586,235,0,1,1,0.9591,Far from nearest bin,Install new waste bin within 100m
GVP068,17.740354,83.295661,30,29,0.9666666666666668,24.6896551724138,31.217391304347824,10,328,3,True,False,high,High,0,0.9119,High,"no_bin_nearby, market_proximity, chronic_recurrence",0,0.8953706266611837,235,1,0,2,0.959,Far from nearest bin,Install new waste bin within 100m
GVP168,17.740334,83.296207,25,24,0.96,29.58333333333333,30.91304347826087,42,344,2,True,True,medium,High,0,0.9255,High,"no_bin_nearby, market_proximity, low_collection_frequency, chronic_recurrence",0,0.8953991166896738,235,1,1,1,0.959,Far from nearest bin,Install new waste bin within 100m
GVP200,17.75842,83.306331,28,27,0.9642857142857144,26.22222222222222,28.32,95,185,1,True,True,medium,High,0,0.8516,High,"no_bin_nearby, market_proximity, low_collection_frequency, chronic_recurrence",0,0.8953808016713586,235,1,1,1,0.959,Far from nearest bin,Install new waste bin within 100m
GVP001,17.755751,83.300573,24,23,0.9583333333333334,28.08695652173913,29.40909090909091,36,237,2,False,True,low,High,0,0.8718,High,"no_bin_nearby, market_proximity, low_collection_frequency, chronic_recurrence",0,0.8954062391967962,235,0,1,0,0.9589,Far from nearest bin,Install new waste bin within 100m
GVP031,17.767522,83.303712,30,29,0.9666666666666668,23.379310344827587,23.344827586206897,65,356,3,False,True,medium,High,0,0.9132,High,"no_bin_nearby, market_proximity, chronic_recurrence",0,0.8953706266611837,235,0,1,1,0.9589,Far from nearest bin,Install new waste bin within 100m
GVP220,17.725457,83.299811,30,29,0.9666666666666668,24.86206896551724,28.88,130,191,1,False,False,high,High,0,0.8477,High,"no_bin_nearby, low_collection_frequency, chronic_recurrence",0,0.8953706266611837,235,0,0,2,0.9588,Far from nearest bin,Install new waste bin within 100m
GVP077,17.757062,83.300717,26,25,0.9615384615384616,28.28,30.73913043478261,165,203,1,False,True,medium,High,0,0.8428,High,"no_bin_nearby, low_collection_frequency, chronic_recurrence",0,0.8953925420677145,235,0,1,1,0.9588,Far from nearest bin,Install new waste bin within 100m
GVP133,17.75266,83.301152,24,23,0.9583333333333334,26.39130434782609,33.72222222222222,23,231,3,False,False,low,High,0,0.8551,High,"no_bin_nearby, market_proximity, chronic_recurrence",0,0.8954062391967962,235,0,0,0,0.9586,Far from nearest bin,Install new waste bin within 100m
GVP298,17.741068,83.294466,24,23,0.9583333333333334,31.47826086956522,45.0,175,285,1,True,True,medium,High,0,0.8802,High,"no_bin_nearby, low_collection_frequency, chronic_recurrence",0,0.8954062391967962,235,1,1,1,0.9586,Far from nearest bin,Install new waste bin within 100m
GVP014,17.756451,83.300095,24,23,0.9583333333333334,30.95652173913044,33.95238095238095,232,227,1,True,False,low,High,0,0.8375,High,"no_bin_nearby, low_collection_frequency, chronic_recurrence",0,0.8954062391967962,235,1,0,0,0.9577,Far from nearest bin,Install new waste bin within 100m
GVP067,17.718998,83.294401,23,22,0.9565217391304348,31.681818181818183,34.9,85,320,1,True,False,medium,High,0,0.918,High,"no_bin_nearby, market_proximity, low_collection_frequency, chronic_recurrence",0,0.895413981052364,235,1,0,1,0.9571,Far from nearest bin,Install new waste bin within 100m
GVP012,17.755568,83.300649,27,26,0.9629629629629628,25.884615384615383,26.88,10,140,1,True,False,medium,Medium,0,0.848,High,"market_proximity, low_collection_frequency, chronic_recurrence",0,0.8953864544547893,235,1,0,1,0.9566,High market proximity footfall,Deploy mobile cleanup unit near market
GVP244,17.724609,83.294745,30,29,0.9666666666666668,22.79310344827586,22.79310344827586,23,122,2,True,False,medium,High,0,0.8212,High,"market_proximity, low_collection_frequency, chronic_recurrence",0,0.8953706266611837,235,1,0,1,0.9566,High market proximity footfall,Deploy mobile cleanup unit near market
GVP208,17.724352,83.286094,28,27,0.9642857142857144,25.666666666666668,27.695652173913043,89,93,1,False,False,medium,High,0,0.8064,High,"market_proximity, low_collection_frequency, chronic_recurrence",0,0.8953808016713586,235,0,0,1,0.9562,Low collection frequency,Increase collection frequency to daily
GVP003,17.725592,83.29557,27,26,0.9629629629629628,25.307692307692307,28.65217391304348,38,78,2,False,False,high,High,0,0.7934,High,"market_proximity, low_collection_frequency, chronic_recurrence",0,0.8953864544547893,235,0,0,2,0.956,High market proximity footfall,Deploy mobile cleanup unit near market
GVP186,17.754643,83.31212,22,21,0.9545454545454546,30.95238095238096,34.26315789473684,41,224,1,True,True,medium,High,0,0.8786,High,"no_bin_nearby, market_proximity, low_collection_frequency, chronic_recurrence",0,0.8954224267129837,235,1,1,1,0.9553,Far from nearest bin,Install new waste bin within 100m
GVP019,17.766022,83.326596,31,30,0.967741935483871,22.7,25.44,373,93,3,True,True,high,High,0,0.7084,High,chronic_recurrence,0,0.8953660314952983,235,1,1,2,0.9552,Low collection frequency,Increase collection frequency to daily
GVP136,17.744384,83.291367,22,21,0.9545454545454546,33.76190476190476,35.55,192,285,1,False,True,medium,High,0,0.8741,High,"no_bin_nearby, low_collection_frequency, chronic_recurrence",0,0.8954224267129837,235,0,1,1,0.9551,Far from nearest bin,Install new waste bin within 100m
GVP112,17.756587,83.306033,25,24,0.96,29.25,29.20833333333333,130,67,2,True,True,high,High,0,0.7646,High,"low_collection_frequency, chronic_recurrence",0,0.8953991166896738,235,1,1,2,0.9547,Low collection frequency,Increase collection frequency to daily
GVP045,17.739283,83.293457,22,21,0.9545454545454546,30.904761904761905,34.05263157894737,151,230,3,True,True,high,High,0,0.8225,High,"no_bin_nearby, chronic_recurrence",0,0.8954224267129837,235,1,1,2,0.9547,Far from nearest bin,Install new waste bin within 100m
GVP116,17.758352,83.303402,22,21,0.9545454545454546,30.285714285714285,33.94444444444444,207,201,2,False,True,medium,High,0,0.8114,High,"no_bin_nearby, low_collection_frequency, chronic_recurrence",0,0.8954224267129837,235,0,1,1,0.9545,Far from nearest bin,Install new waste bin within 100m
GVP234,17.768796,83.308306,29,28,0.9655172413793104,24.5,26.423076923076923,197,15,2,True,True,medium,High,0,0.7256,High,"low_collection_frequency, chronic_recurrence",0,0.8953755387350613,235,1,1,1,0.9541,Low collection frequency,Increase collection frequency to daily
GVP036,17.732325,83.290255,23,22,0.9565217391304348,26.227272727272727,27.52380952380953,178,116,3,False,True,medium,Medium,0,0.7596,High,chronic_recurrence,0,0.895413981052364,235,0,1,1,0.9537,Far from nearest bin,Install new waste bin within 100m
GVP060,17.770318,83.309677,28,27,0.9642857142857144,24.55555555555556,28.869565217391305,211,83,4,False,True,low,Medium,0,0.7227,High,chronic_recurrence,0,0.8953808016713587,235,0,1,0,0.9537,balanced_infrastructure,Maintain regular monitoring schedule
GVP028,17.768513,83.300519,21,20,0.9523809523809524,35.65,37.47368421052632,136,293,1,False,True,medium,High,0,0.8901,High,"no_bin_nearby, low_collection_frequency, chronic_recurrence",0,0.8954316767222336,235,0,1,1,0.9531,Far from nearest bin,Install new waste bin within 100m
GVP216,17.767414,83.295363,21,20,0.9523809523809524,35.05,44.0,149,380,3,False,True,low,Medium,0,0.8978,High,"no_bin_nearby, chronic_recurrence",0,0.8954316767222336,235,0,1,0,0.953,Far from nearest bin,Install new waste bin within 100m
GVP146,17.759549,83.292738,20,19,0.95,34.21052631578947,36.22222222222222,10,396,1,True,True,low,High,0,0.9705,High,"no_bin_nearby, market_proximity, low_collection_frequency, chronic_recurrence",0,0.8954418517324088,235,1,1,0,0.9518,Far from nearest bin,Install new waste bin within 100m
GVP075,17.755967,83.298171,20,19,0.95,36.42105263157895,43.125,79,265,1,True,True,medium,Medium,0,0.888,High,"no_bin_nearby, market_proximity, low_collection_frequency, chronic_recurrence",0,0.8954418517324088,235,1,1,1,0.9517,Far from nearest bin,Install new waste bin within 100m
GVP135,17.75904,83.295229,20,19,0.95,30.157894736842103,30.105263157894736,197,198,1,True,True,high,High,0,0.8264,High,"no_bin_nearby, low_collection_frequency, chronic_recurrence",0,0.8954418517324088,235,1,1,2,0.9517,Far from nearest bin,Install new waste bin within 100m
GVP212,17.737919,83.294129,20,19,0.95,32.68421052631579,36.47058823529412,55,268,1,True,True,medium,High,0,0.8951,High,"no_bin_nearby, market_proximity, low_collection_frequency, chronic_recurrence",0,0.8954418517324088,235,1,1,1,0.9517,Far from nearest bin,Install new waste bin within 100m
GVP159,17.721712,83.296071,20,19,0.95,32.21052631578947,38.266666666666666,111,378,1,False,True,medium,High,0,0.9377,High,"no_bin_nearby, low_collection_frequency, chronic_recurrence",0,0.8954418517324088,235,0,1,1,0.9517,Far from nearest bin,Install new waste bin within 100m
GVP299,17.767083,83.295438,19,18,0.9473684210526316,39.72222222222222,44.625,37,235,2,True,True,medium,High,0,0.8645,High,"no_bin_nearby, market_proximity, low_collection_frequency, chronic_recurrence",0,0.8954530977962863,235,1,1,1,0.9503,Far from nearest bin,Install new waste bin within 100m
GVP262,17.759873,83.291907,19,18,0.9473684210526316,37.11111111111112,43.46666666666667,10,267,2,True,False,medium,High,0,0.887,High,"no_bin_nearby, market_proximity, low_collection_frequency, chronic_recurrence",0,0.8954530977962865,235,1,0,1,0.9503,Far from nearest bin,Install new waste bin within 100m
GVP296,17.744441,83.291908,19,18,0.9473684210526316,36.833333333333336,36.77777777777778,10,232,1,True,False,medium,High,0,0.886,High,"no_bin_nearby, market_proximity, low_collection_frequency, chronic_recurrence",0,0.8954530977962865,235,1,0,1,0.9503,Far from nearest bin,Install new waste bin within 100m
GVP140,17.75773,83.292599,19,18,0.9473684210526316,28.666666666666668,32.3125,46,286,2,True,True,low,High,0,0.8882,High,"no_bin_nearby, market_proximity, low_collection_frequency, chronic_recurrence",0,0.8954530977962865,235,1,1,0,0.9503,Far from nearest bin,Install new waste bin within 100m
GVP142,17.755279,83.314725,19,18,0.9473684210526316,38.0,42.625,41,268,1,True,False,low,High,0,0.897,High,"no_bin_nearby, market_proximity, low_collection_frequency, chronic_recurrence",0,0.8954530977962865,235,1,0,0,0.9502,Far from nearest bin,Install new waste bin within 100m
GVP033,17.756798,83.295669,20,19,0.95,36.73684210526316,41.11764705882353,40,244,4,True,False,medium,Medium,0,0.8365,High,"no_bin_nearby, market_proximity, chronic_recurrence",0,0.8954418517324088,235,1,0,1,0.9492,Far from nearest bin,Install new waste bin within 100m
GVP018,17.76433,83.326445,21,20,0.9523809523809524,34.3,40.47058823529412,330,127,4,False,True,medium,Medium,0,0.7106,High,chronic_recurrence,0,0.8954316767222336,235,0,1,1,0.9489,Far from nearest bin,Install new waste bin within 100m
GVP165,17.743672,83.296618,19,18,0.9473684210526316,32.55555555555556,38.06666666666667,216,122,3,True,False,high,Medium,0,0.7487,High,chronic_recurrence,0,0.8954530977962865,235,1,0,2,0.9478,Far from nearest bin,Install new waste bin within 100m
GVP147,17.74112,83.290819,18,17,0.9444444444444444,36.11764705882353,36.0,122,277,3,False,False,high,High,0,0.8476,High,"no_bin_nearby, chronic_recurrence",0,0.895465593422817,235,0,0,2,0.9472,Far from nearest bin,Install new waste bin within 100m
GVP026,17.767273,83.325984,22,21,0.9545454545454546,31.714285714285715,33.333333333333336,326,25,4,False,False,low,Medium,0,0.6611,High,chronic_recurrence,0,0.8954224267129837,235,0,0,0,0.9466,balanced_infrastructure,Maintain regular monitoring schedule
GVP002,17.761385,83.326976,19,18,0.9473684210526316,37.22222222222222,42.53333333333333,272,97,4,True,False,low,Medium,0,0.7062,High,chronic_recurrence,0,0.8954530977962865,235,1,0,0,0.9463,Far from nearest bin,Install new waste bin within 100m
GVP277,17.730434,83.296209,19,18,0.9473684210526316,37.61111111111112,40.1764705882353,10,12,2,True,True,high,High,0,0.7579,High,"market_proximity, low_collection_frequency, chronic_recurrence",0,0.8954530977962865,235,1,1,2,0.9458,High market proximity footfall,Deploy mobile cleanup unit near market
GVP027,17.723508,83.292113,21,20,0.9523809523809524,27.15,32.0,238,67,6,False,True,medium,Low,0,0.6684,High,chronic_recurrence,0,0.8954316767222336,235,0,1,1,0.9457,balanced_infrastructure,Maintain regular monitoring schedule
GVP082,17.757448,83.312766,22,21,0.9545454545454546,32.61904761904762,34.3,181,21,7,False,False,high,Medium,0,0.643,High,chronic_recurrence,0,0.8954224267129837,235,0,0,2,0.9446,High market proximity footfall,Deploy mobile cleanup unit near market
GVP222,17.768992,83.311399,21,20,0.9523809523809524,34.95,39.0,441,10,6,True,False,medium,Medium,0,0.592,Medium,chronic_recurrence,0,0.8954316767222339,235,1,0,1,0.9443,balanced_infrastructure,Maintain regular monitoring schedule
GVP260,17.771283,83.310074,21,20,0.9523809523809524,32.85,41.1875,84,125,7,True,False,low,Medium,0,0.7172,High,"market_proximity, chronic_recurrence",0,0.8954316767222336,235,1,0,0,0.9441,High market proximity footfall,Deploy mobile cleanup unit near market
GVP057,17.745038,83.282638,18,17,0.9444444444444444,35.47058823529412,35.714285714285715,262,160,4,True,True,low,Medium,0,0.7389,High,"no_bin_nearby, chronic_recurrence",0,0.8954655934228171,235,1,1,0,0.9441,Far from nearest bin,Install new waste bin within 100m
GVP111,17.756107,83.312687,20,19,0.95,35.578947368421055,42.25,214,32,6,True,True,high,High,0,0.655,High,chronic_recurrence,0,0.8954418517324088,235,1,1,2,0.9432,balanced_infrastructure,Maintain regular monitoring schedule
GVP264,17.762774,83.315564,18,17,0.9444444444444444,41.41176470588236,50.285714285714285,146,108,5,True,False,low,Medium,0,0.7231,High,chronic_recurrence,0,0.8954655934228171,235,1,0,0,0.9431,Far from nearest bin,Install new waste bin within 100m
GVP015,17.730143,83.296568,19,18,0.9473684210526316,38.05555555555556,49.07142857142857,11,32,4,True,True,low,Medium,0,0.7345,High,"market_proximity, chronic_recurrence",0,0.8954530977962865,235,1,1,0,0.9427,High market proximity footfall,Deploy mobile cleanup unit near market
GVP192,17.76068,83.28774,19,18,0.9473684210526316,40.16666666666666,40.05555555555556,244,48,5,True,False,low,Medium,0,0.6713,High,chronic_recurrence,0,0.8954530977962865,235,1,0,0,0.9424,balanced_infrastructure,Maintain regular monitoring schedule
GVP046,17.744407,83.282239,19,18,0.9473684210526316,38.61111111111112,43.4375,90,114,6,False,False,high,Medium,0,0.7242,High,"market_proximity, chronic_recurrence",0,0.8954530977962865,235,0,0,2,0.9421,High market proximity footfall,Deploy mobile cleanup unit near market
GVP224,17.718881,83.29304,17,16,0.9411764705882352,33.875,45.333333333333336,110,354,3,False,False,low,Medium,0,0.8876,High,"no_bin_nearby, chronic_recurrence",0,0.8954795591230572,235,0,0,0,0.9421,Far from nearest bin,Install new waste bin within 100m
GVP073,17.725568,83.302119,17,16,0.9411764705882352,40.25,42.8,49,171,1,False,True,medium,Medium,0,0.8426,High,"no_bin_nearby, market_proximity, low_collection_frequency, chronic_recurrence",0,0.8954795591230572,235,0,1,1,0.9412,Far from nearest bin,Install new waste bin within 100m
GVP042,17.757621,83.295411,17,16,0.9411764705882352,42.75,48.85714285714285,292,84,7,True,False,medium,Low,0,0.6416,High,chronic_recurrence,0,0.8954795591230572,235,1,0,1,0.9398,balanced_infrastructure,Maintain regular monitoring schedule
GVP214,17.731431,83.284202,17,16,0.9411764705882352,38.875,40.8,221,81,7,True,False,high,Medium,0,0.6567,High,chronic_recurrence,0,0.8954795591230572,235,1,0,2,0.9398,balanced_infrastructure,Maintain regular monitoring schedule
GVP043,17.724068,83.303059,18,17,0.9444444444444444,39.70588235294117,45.2,388,5,4,True,False,low,Low,0,0.6309,High,chronic_recurrence,0,0.895465593422817,235,1,0,0,0.9382,balanced_infrastructure,Maintain regular monitoring schedule
GVP169,17.762131,83.32954,16,15,0.9375,44.93333333333333,45.13333333333333,190,199,3,True,False,high,High,0,0.7883,High,"no_bin_nearby, chronic_recurrence",0,0.8954952705358274,235,1,0,2,0.9371,Far from nearest bin,Install new waste bin within 100m
GVP106,17.744992,83.325622,22,21,0.9545454545454546,33.333333333333336,36.68421052631579,18,186,1,True,False,medium,High,1,0.8648,High,"no_bin_nearby, market_proximity, low_collection_frequency, chronic_recurrence",0,0.8743102594476104,60,1,0,1,0.9371,Far from nearest bin,Install new waste bin within 100m
GVP141,17.72839,83.29397,33,31,0.9393939393939394,22.625,24.03333333333333,145,50,3,True,True,medium,High,0,0.7245,High,chronic_recurrence,0,0.8954871767777337,235,1,1,1,0.937,Low collection frequency,Increase collection frequency to daily
GVP251,17.747155,83.323815,27,26,0.9629629629629628,25.615384615384617,25.5,136,244,2,True,True,low,High,1,0.8544,High,"no_bin_nearby, low_collection_frequency, chronic_recurrence",0,0.8741675898134154,60,1,1,0,0.9369,Far from nearest bin,Install new waste bin within 100m
GVP088,17.764552,83.295024,16,15,0.9375,42.93333333333333,45.785714285714285,188,264,4,False,False,low,Medium,0,0.805,High,"no_bin_nearby, chronic_recurrence",0,0.8954952705358274,235,0,0,0,0.9369,Far from nearest bin,Install new waste bin within 100m
GVP163,17.747032,83.325745,18,17,0.9444444444444444,39.47058823529412,42.0,144,207,3,False,False,high,Medium,1,0.807,High,"no_bin_nearby, chronic_recurrence",0,0.8744814630086446,60,0,0,2,0.9363,Far from nearest bin,Install new waste bin within 100m
GVP079,17.740491,83.293044,16,15,0.9375,44.8,61.18181818181818,150,115,4,True,True,high,Medium,0,0.7385,High,chronic_recurrence,0,0.8954952705358274,235,1,1,2,0.9356,Far from nearest bin,Install new waste bin within 100m
GVP021,17.743341,83.320425,20,19,0.95,36.36842105263158,40.588235294117645,209,223,3,False,True,medium,Medium,1,0.8029,High,"no_bin_nearby, chronic_recurrence",0,0.8743873010500758,60,0,1,1,0.9354,Far from nearest bin,Install new waste bin within 100m
GVP035,17.742173,83.297943,16,15,0.9375,45.06666666666667,48.36363636363637,238,76,5,False,False,high,Medium,0,0.6815,High,chronic_recurrence,0,0.8954952705358274,235,0,0,2,0.9353,balanced_infrastructure,Maintain regular monitoring schedule
GVP272,17.756773,83.287977,16,15,0.9375,42.2,45.21428571428572,417,43,4,False,False,medium,Medium,0,0.6395,High,chronic_recurrence,0,0.8954952705358274,235,0,0,1,0.9348,balanced_infrastructure,Maintain regular monitoring schedule
GVP048,17.762011,83.302827,16,15,0.9375,43.6,65.4,134,37,7,True,True,high,Medium,0,0.6528,High,chronic_recurrence,0,0.8954952705358274,235,1,1,2,0.9336,High market proximity footfall,Deploy mobile cleanup unit near market
GVP126,17.724637,83.29993,15,14,0.9333333333333332,46.92857142857143,54.91666666666666,127,301,1,True,True,low,Medium,0,0.8858,High,"no_bin_nearby, low_collection_frequency, chronic_recurrence",0,0.8955130768036337,235,1,1,0,0.9331,Far from nearest bin,Install new waste bin within 100m
GVP243,17.757457,83.305952,15,14,0.9333333333333332,44.42857142857143,51.5,118,134,1,True,False,high,Medium,0,0.8033,High,"low_collection_frequency, chronic_recurrence",0,0.8955130768036337,235,1,0,2,0.9327,Low collection frequency,Increase collection frequency to daily
GVP104,17.766648,83.315963,15,14,0.9333333333333332,48.42857142857143,56.91666666666666,196,109,4,False,True,medium,Medium,0,0.7224,High,chronic_recurrence,0,0.8955130768036337,235,0,1,1,0.9325,Far from nearest bin,Install new waste bin within 100m
GVP230,17.767326,83.292866,15,14,0.9333333333333332,48.07142857142857,67.4,94,156,3,True,False,medium,Medium,0,0.7868,High,"no_bin_nearby, market_proximity, chronic_recurrence",0,0.8955130768036337,235,1,0,1,0.9325,Far from nearest bin,Install new waste bin within 100m
GVP115,17.725307,83.30115,30,28,0.9333333333333332,23.344827586206897,25.96153846153846,10,177,1,True,False,high,High,0,0.8504,High,"no_bin_nearby, market_proximity, low_collection_frequency, chronic_recurrence",0,0.8955130768036337,235,1,0,2,0.9325,Far from nearest bin,Install new waste bin within 100m
GVP199,17.756017,83.304116,15,14,0.9333333333333332,40.35714285714285,46.91666666666666,123,170,1,False,False,medium,Medium,0,0.8204,High,"no_bin_nearby, low_collection_frequency, chronic_recurrence",0,0.8955130768036337,235,0,0,1,0.9325,Far from nearest bin,Install new waste bin within 100m
GVP179,17.732491,83.29037,15,14,0.9333333333333332,48.07142857142857,74.77777777777777,272,103,2,True,True,medium,Medium,0,0.7349,High,"low_collection_frequency, chronic_recurrence",0,0.8955130768036337,235,1,1,1,0.9324,Low collection frequency,Increase collection frequency to daily
GVP152,17.729055,83.294863,15,14,0.9333333333333332,44.07142857142857,44.0,157,93,1,True,True,low,Medium,0,0.7734,High,"low_collection_frequency, chronic_recurrence",0,0.8955130768036337,235,1,1,0,0.9324,Low collection frequency,Increase collection frequency to daily
GVP257,17.753355,83.300218,15,14,0.9333333333333332,44.785714285714285,48.15384615384615,123,153,1,False,True,medium,Medium,0,0.8118,High,"no_bin_nearby, low_collection_frequency, chronic_recurrence",0,0.8955130768036337,235,0,1,1,0.9323,Low collection frequency,Increase collection frequency to daily
GVP108,17.726977,83.285742,16,15,0.9375,44.86666666666667,48.142857142857146,537,64,6,False,False,high,Medium,0,0.5886,Medium,chronic_recurrence,0,0.8954952705358274,235,0,0,2,0.9323,balanced_infrastructure,Maintain regular monitoring schedule
GVP193,17.735734,83.297271,15,14,0.9333333333333332,44.35714285714285,51.75,257,67,3,True,False,high,Medium,0,0.7035,High,chronic_recurrence,0,0.8955130768036337,235,1,0,2,0.9322,Low collection frequency,Increase collection frequency to daily
GVP236,17.76191,83.329487,16,15,0.9375,47.53333333333333,51.0,80,73,5,False,False,low,Medium,0,0.717,High,"market_proximity, chronic_recurrence",0,0.8954952705358274,235,0,0,0,0.932,High market proximity footfall,Deploy mobile cleanup unit near market
GVP085,17.754921,83.283849,15,14,0.9333333333333332,45.21428571428572,57.45454545454545,315,42,7,False,True,low,Medium,0,0.6106,High,chronic_recurrence,0,0.8955130768036337,235,0,1,0,0.9312,balanced_infrastructure,Maintain regular monitoring schedule
GVP124,17.744145,83.281302,15,14,0.9333333333333332,49.21428571428572,63.0,120,8,4,True,False,low,Medium,0,0.6891,High,chronic_recurrence,0,0.8955130768036337,235,1,0,0,0.9311,High market proximity footfall,Deploy mobile cleanup unit near market
GVP086,17.762823,83.315216,15,14,0.9333333333333332,47.35714285714285,47.285714285714285,173,52,5,True,True,low,Medium,0,0.6823,High,chronic_recurrence,0,0.8955130768036337,235,1,1,0,0.9303,High market proximity footfall,Deploy mobile cleanup unit near market
GVP089,17.724333,83.300587,14,13,0.9285714285714286,48.92307692307692,42.55555555555556,174,273,2,True,True,low,Medium,0,0.8413,High,"no_bin_nearby, low_collection_frequency, chronic_recurrence",0,0.8955334268239837,235,1,1,0,0.9302,Far from nearest bin,Install new waste bin within 100m
GVP204,17.756695,83.305694,14,13,0.9285714285714286,47.53846153846154,51.583333333333336,68,98,1,False,True,medium,Medium,0,0.7942,High,"market_proximity, low_collection_frequency, chronic_recurrence",0,0.8955334268239838,235,0,1,1,0.9297,Low collection frequency,Increase collection frequency to daily
GVP054,17.732075,83.316974,19,18,0.9473684210526316,36.11111111111112,43.13333333333333,188,88,3,False,False,high,Medium,1,0.738,High,chronic_recurrence,0,0.874431904083082,60,0,0,2,0.9295,Low collection frequency,Increase collection frequency to daily
GVP190,17.771175,83.309836,14,13,0.9285714285714286,51.15384615384615,55.41666666666666,158,58,3,True,True,medium,Medium,0,0.7195,High,chronic_recurrence,0,0.8955334268239838,235,1,1,1,0.9285,Low collection frequency,Increase collection frequency to daily
GVP153,17.736085,83.31433,15,14,0.9333333333333332,44.642857142857146,47.76923076923077,168,189,7,True,False,low,Medium,1,0.7195,High,"no_bin_nearby, chronic_recurrence",0,0.874669786925782,60,1,0,0,0.9284,Far from nearest bin,Install new waste bin within 100m
GVP250,17.764444,83.321749,14,13,0.9285714285714286,51.61538461538461,65.5,396,99,6,True,False,low,Medium,0,0.6345,High,chronic_recurrence,0,0.8955334268239838,235,1,0,0,0.928,Far from nearest bin,Install new waste bin within 100m
GVP158,17.719635,83.330911,19,18,0.9473684210526316,30.88888888888889,39.0,10,53,3,False,True,low,Medium,1,0.762,High,"market_proximity, chronic_recurrence",0,0.874431904083082,60,0,1,0,0.9276,High market proximity footfall,Deploy mobile cleanup unit near market
GVP011,17.756352,83.284774,14,13,0.9285714285714286,26.23076923076923,30.90909090909091,357,27,6,True,True,high,Low,0,0.6072,High,chronic_recurrence,0,0.895533426823984,235,1,1,2,0.9271,High regional cluster recurrence,Implement zone-level infrastructure intervention
GVP241,17.75124,83.328864,15,14,0.9333333333333332,44.21428571428572,56.36363636363637,253,5,3,True,False,high,Medium,1,0.673,High,chronic_recurrence,0,0.874669786925782,60,1,0,2,0.927,Low collection frequency,Increase collection frequency to daily
GVP071,17.743281,83.282194,15,14,0.9333333333333332,48.642857142857146,61.90909090909091,10,5,5,True,False,medium,Medium,0,0.6967,High,"market_proximity, chronic_recurrence",0,0.8955130768036337,235,1,0,1,0.9265,High market proximity footfall,Deploy mobile cleanup unit near market
GVP279,17.737166,83.315933,18,17,0.9444444444444444,34.705882352941174,45.69230769230769,98,132,4,True,True,medium,Medium,1,0.7631,High,"market_proximity, chronic_recurrence",0,0.8744814630086446,60,1,1,1,0.9258,Far from nearest bin,Install new waste bin within 100m
GVP058,17.728108,83.287001,16,15,0.9375,21.133333333333333,24.384615384615383,546,49,7,True,False,low,Low,0,0.5623,Medium,chronic_recurrence,0,0.8954952705358274,235,1,0,0,0.9258,balanced_infrastructure,Maintain regular monitoring schedule
GVP235,17.73411,83.283092,13,12,0.9230769230769232,44.75,49.0,185,138,2,True,True,low,Medium,0,0.7674,High,"low_collection_frequency, chronic_recurrence",0,0.8955569076166954,235,1,1,0,0.9253,Far from nearest bin,Install new waste bin within 100m
GVP275,17.72391,83.286956,13,12,0.9230769230769232,60.25,60.25,120,143,3,False,True,low,Medium,0,0.7685,High,chronic_recurrence,0,0.8955569076166954,235,0,1,0,0.9253,Far from nearest bin,Install new waste bin within 100m
GVP233,17.757778,83.304562,13,12,0.9230769230769232,45.66666666666666,50.09090909090909,10,158,2,False,True,low,Medium,0,0.8185,High,"no_bin_nearby, market_proximity, low_collection_frequency, chronic_recurrence",0,0.8955569076166954,235,0,1,0,0.9252,High market proximity footfall,Deploy mobile cleanup unit near market
GVP164,17.725873,83.298718,13,12,0.9230769230769232,54.083333333333336,54.083333333333336,148,219,3,True,True,high,High,0,0.8004,High,"no_bin_nearby, chronic_recurrence",0,0.8955569076166954,235,1,1,2,0.925,Far from nearest bin,Install new waste bin within 100m
GVP040,17.738283,83.326062,20,19,0.95,35.21052631578947,37.27777777777778,116,159,6,False,True,medium,Medium,1,0.7423,High,"no_bin_nearby, chronic_recurrence",0,0.8743873010500759,60,0,1,1,0.9249,Far from nearest bin,Install new waste bin within 100m
GVP289,17.726735,83.327819,14,13,0.9285714285714286,55.38461538461539,59.91666666666666,13,95,4,False,True,low,Medium,1,0.7556,High,"market_proximity, chronic_recurrence",0,0.8747504971759839,60,0,1,0,0.9247,High market proximity footfall,Deploy mobile cleanup unit near market
GVP209,17.720105,83.329134,14,13,0.9285714285714286,51.69230769230769,55.91666666666666,20,99,4,True,True,medium,Medium,1,0.756,High,"market_proximity, chronic_recurrence",0,0.8747504971759839,60,1,1,1,0.9247,High market proximity footfall,Deploy mobile cleanup unit near market
GVP295,17.743241,83.296297,13,12,0.9230769230769232,54.5,54.333333333333336,316,153,4,True,False,medium,Medium,0,0.7109,High,"no_bin_nearby, chronic_recurrence",0,0.8955569076166954,235,1,0,1,0.9241,Far from nearest bin,Install new waste bin within 100m
GVP240,17.737154,83.31576,13,12,0.9230769230769232,48.833333333333336,58.7,101,41,3,True,False,medium,Medium,1,0.7213,High,chronic_recurrence,0,0.8748436243877551,60,1,0,1,0.924,High market proximity footfall,Deploy mobile cleanup unit near market
GVP099,17.737255,83.324864,15,14,0.9333333333333332,49.5,62.36363636363637,175,131,6,True,False,high,Medium,1,0.7051,High,chronic_recurrence,0,0.874669786925782,60,1,0,2,0.9237,Far from nearest bin,Install new waste bin within 100m
GVP013,17.732182,83.31828,15,14,0.9333333333333332,43.42857142857143,46.69230769230769,467,54,4,False,False,medium,Low,1,0.631,High,chronic_recurrence,0,0.874669786925782,60,0,0,1,0.9234,balanced_infrastructure,Maintain regular monitoring schedule
GVP059,17.72967,83.305487,25,23,0.92,29.291666666666668,31.818181818181817,57,231,1,True,True,high,High,0,0.8594,High,"no_bin_nearby, market_proximity, low_collection_frequency, chronic_recurrence",0,0.8955700568606139,235,1,1,2,0.9234,Far from nearest bin,Install new waste bin within 100m
GVP139,17.73134,83.292435,13,12,0.9230769230769232,53.583333333333336,58.36363636363637,220,54,3,False,True,low,Medium,0,0.7,High,chronic_recurrence,0,0.8955569076166954,235,0,1,0,0.9225,Low collection frequency,Increase collection frequency to daily
GVP006,17.765725,83.31527,13,12,0.9230769230769232,54.833333333333336,73.0,199,116,5,False,False,medium,Medium,0,0.7029,High,chronic_recurrence,0,0.8955569076166954,235,0,0,1,0.9224,Far from nearest bin,Install new waste bin within 100m
GVP098,17.76447,83.317726,13,12,0.9230769230769232,53.0,58.27272727272727,233,78,7,True,True,high,Medium,0,0.6424,High,chronic_recurrence,0,0.8955569076166954,235,1,1,2,0.9224,High regional cluster recurrence,Implement zone-level infrastructure intervention
GVP273,17.746391,83.280588,13,12,0.9230769230769232,55.583333333333336,95.85714285714286,234,91,7,False,False,low,Medium,0,0.6487,High,chronic_recurrence,0,0.8955569076166954,235,0,0,0,0.9224,Far from nearest bin,Install new waste bin within 100m
GVP062,17.741507,83.294241,13,12,0.9230769230769232,43.083333333333336,43.083333333333336,145,111,5,False,True,medium,Low,0,0.7131,High,chronic_recurrence,0,0.8955569076166954,235,0,1,1,0.9224,Far from nearest bin,Install new waste bin within 100m
GVP110,17.728235,83.326419,13,12,0.9230769230769232,53.41666666666666,58.18181818181818,230,61,4,False,False,high,Medium,1,0.6845,High,chronic_recurrence,0,0.8748436243877551,60,0,0,2,0.9223,balanced_infrastructure,Maintain regular monitoring schedule
GVP039,17.751746,83.328633,13,12,0.9230769230769232,53.41666666666666,57.81818181818182,139,58,4,True,False,high,Medium,1,0.7043,High,chronic_recurrence,0,0.8748436243877551,60,1,0,2,0.9214,High market proximity footfall,Deploy mobile cleanup unit near market
GVP145,17.754745,83.288908,13,12,0.9230769230769232,44.75,75.85714285714286,511,43,5,True,True,medium,Medium,0,0.5928,Medium,chronic_recurrence,0,0.8955569076166954,235,1,1,1,0.9212,High regional cluster recurrence,Implement zone-level infrastructure intervention
GVP105,17.760011,83.310141,13,12,0.9230769230769232,52.91666666666666,57.63636363636363,429,41,5,False,False,high,Medium,0,0.6111,High,chronic_recurrence,0,0.8955569076166954,235,0,0,2,0.9212,High regional cluster recurrence,Implement zone-level infrastructure intervention
GVP053,17.745162,83.322558,18,17,0.9444444444444444,41.588235294117645,54.46153846153846,389,5,7,True,True,high,Medium,1,0.5806,Medium,chronic_recurrence,0,0.8744814630086446,60,1,1,2,0.9211,balanced_infrastructure,Maintain regular monitoring schedule
GVP263,17.744346,83.318531,24,22,0.9166666666666666,27.39130434782609,31.4,268,117,4,False,False,medium,Medium,1,0.7004,High,chronic_recurrence,0,0.8749522728014884,60,0,0,1,0.921,Far from nearest bin,Install new waste bin within 100m
GVP055,17.734181,83.317597,17,16,0.9411764705882352,41.0625,41.0625,155,5,6,True,False,high,Medium,1,0.6503,High,chronic_recurrence,0,0.874536852396038,60,1,0,2,0.9205,High market proximity footfall,Deploy mobile cleanup unit near market
GVP274,17.719394,83.29554,12,11,0.9166666666666666,55.09090909090909,67.33333333333333,80,245,1,True,False,low,Medium,0,0.8593,High,"no_bin_nearby, market_proximity, low_collection_frequency, chronic_recurrence",0,0.8955843018748588,235,1,0,0,0.9195,Far from nearest bin,Install new waste bin within 100m
GVP049,17.765496,83.29048,13,12,0.9230769230769232,56.75,39.1,285,16,6,False,True,high,Low,0,0.6155,High,chronic_recurrence,0,0.8955569076166954,235,0,1,2,0.9194,High regional cluster recurrence,Implement zone-level infrastructure intervention
GVP114,17.76664,83.290414,13,12,0.9230769230769232,55.75,60.81818181818182,341,34,7,False,True,medium,Medium,0,0.5948,Medium,chronic_recurrence,0,0.8955569076166954,235,0,1,1,0.9192,High regional cluster recurrence,Implement zone-level infrastructure intervention
GVP122,17.762857,83.313543,12,11,0.9166666666666666,54.27272727272727,66.55555555555556,10,400,2,False,True,low,Medium,0,0.9375,High,"no_bin_nearby, market_proximity, low_collection_frequency, chronic_recurrence",0,0.8955843018748589,235,0,1,0,0.919,Far from nearest bin,Install new waste bin within 100m
GVP070,17.725909,83.307019,12,11,0.9166666666666666,53.72727272727273,53.90909090909091,133,126,4,False,True,low,Low,0,0.7366,High,chronic_recurrence,0,0.8955843018748588,235,0,1,0,0.919,Far from nearest bin,Install new waste bin within 100m
GVP155,17.763804,83.303222,12,11,0.9166666666666666,55.72727272727273,55.72727272727273,249,86,7,True,False,low,Low,0,0.6392,High,chronic_recurrence,0,0.8955843018748588,235,1,0,0,0.9189,High regional cluster recurrence,Implement zone-level infrastructure intervention
GVP149,17.732613,83.31851,13,12,0.9230769230769232,50.25,50.41666666666666,192,103,5,False,False,low,Medium,1,0.698,High,chronic_recurrence,0,0.8748436243877551,60,0,0,0,0.9189,Far from nearest bin,Install new waste bin within 100m
GVP276,17.745712,83.283305,12,11,0.9166666666666666,58.0,78.75,204,68,6,False,True,low,Medium,0,0.6573,High,chronic_recurrence,0,0.8955843018748588,235,0,1,0,0.9187,High regional cluster recurrence,Implement zone-level infrastructure intervention
GVP175,17.72704,83.286251,13,12,0.9230769230769232,56.25,63.2,423,5,5,True,False,medium,Low,0,0.5942,Medium,chronic_recurrence,0,0.8955569076166954,235,1,0,1,0.9186,High regional cluster recurrence,Implement zone-level infrastructure intervention
GVP056,17.767386,83.319467,23,22,0.9565217391304348,27.227272727272727,27.80952380952381,601,29,7,True,True,high,Medium,0,0.5497,Medium,chronic_recurrence,0,0.895413981052364,235,1,1,2,0.9186,balanced_infrastructure,Maintain regular monitoring schedule
GVP203,17.725893,83.301048,24,22,0.9166666666666666,28.13043478260869,35.94444444444444,117,219,6,False,True,high,High,0,0.7541,High,"no_bin_nearby, chronic_recurrence",0,0.8955843018748588,235,0,1,2,0.918,Far from nearest bin,Install new waste bin within 100m
GVP025,17.760829,83.289375,13,12,0.9230769230769232,58.083333333333336,69.4,141,5,6,True,True,high,Medium,0,0.6437,High,chronic_recurrence,0,0.8955569076166954,235,1,1,2,0.9177,High market proximity footfall,Deploy mobile cleanup unit near market
GVP184,17.756876,83.312528,12,11,0.9166666666666666,59.81818181818182,66.0,184,59,6,False,False,medium,Medium,0,0.6574,High,chronic_recurrence,0,0.8955843018748588,235,0,0,1,0.9175,High market proximity footfall,Deploy mobile cleanup unit near market
GVP091,17.74651,83.326329,12,11,0.9166666666666666,61.90909090909091,75.66666666666667,209,151,5,False,False,medium,Low,1,0.7148,High,"no_bin_nearby, chronic_recurrence",0,0.8749522728014882,60,0,0,1,0.9175,Far from nearest bin,Install new waste bin within 100m
GVP218,17.743437,83.32304,12,11,0.9166666666666666,54.09090909090909,66.33333333333333,369,111,6,False,True,high,Medium,1,0.6404,High,chronic_recurrence,0,0.8749522728014884,60,0,1,2,0.9175,Far from nearest bin,Install new waste bin within 100m
GVP069,17.719284,83.329341,11,10,0.9090909090909092,61.6,68.66666666666667,189,91,2,True,True,high,Medium,1,0.7349,High,"low_collection_frequency, chronic_recurrence",0,0.8750806754722638,60,1,1,2,0.9168,Low collection frequency,Increase collection frequency to daily
GVP181,17.724909,83.289571,12,11,0.9166666666666666,57.0,75.625,233,15,6,False,False,high,Medium,0,0.6236,High,chronic_recurrence,0,0.8955843018748588,235,0,0,2,0.916,High regional cluster recurrence,Implement zone-level infrastructure intervention
GVP129,17.767716,83.291053,12,11,0.9166666666666666,54.18181818181818,53.90909090909091,326,5,6,True,True,high,Low,0,0.5968,Medium,chronic_recurrence,0,0.8955843018748589,235,1,1,2,0.9148,High regional cluster recurrence,Implement zone-level infrastructure intervention
GVP101,17.734352,83.326868,11,10,0.9090909090909092,65.1,93.14285714285714,233,95,4,True,False,medium,Low,1,0.6933,High,chronic_recurrence,0,0.8750806754722638,60,1,0,1,0.9146,Far from nearest bin,Install new waste bin within 100m
GVP238,17.741148,83.280482,12,11,0.9166666666666666,60.63636363636363,83.125,77,29,6,True,False,low,Low,0,0.6673,High,"market_proximity, chronic_recurrence",0,0.8955843018748588,235,1,0,0,0.9142,High market proximity footfall,Deploy mobile cleanup unit near market
GVP154,17.72279,83.28999,12,11,0.9166666666666666,33.72727272727273,41.333333333333336,66,41,5,True,True,low,Medium,0,0.6926,High,"market_proximity, chronic_recurrence",0,0.8955843018748588,235,1,1,0,0.9142,High market proximity footfall,Deploy mobile cleanup unit near market
GVP030,17.756315,83.293045,11,10,0.9090909090909092,56.9,48.333333333333336,394,65,6,False,True,medium,Low,0,0.607,High,chronic_recurrence,0,0.895616676907234,235,0,1,1,0.9133,High regional cluster recurrence,Implement zone-level infrastructure intervention
GVP183,17.746843,83.281316,11,10,0.9090909090909092,64.7,72.11111111111111,220,35,7,True,False,high,Medium,0,0.616,High,chronic_recurrence,0,0.895616676907234,235,1,0,2,0.9119,High regional cluster recurrence,Implement zone-level infrastructure intervention
GVP226,17.733799,83.300442,11,10,0.9090909090909092,67.8,84.375,243,87,4,True,True,low,Medium,0,0.6869,High,chronic_recurrence,0,0.895616676907234,235,1,1,0,0.9118,High regional cluster recurrence,Implement zone-level infrastructure intervention
GVP249,17.730386,83.305979,22,20,0.9090909090909092,32.19047619047619,40.4375,89,257,1,True,True,low,High,0,0.8591,High,"no_bin_nearby, market_proximity, low_collection_frequency, chronic_recurrence",0,0.8956166769072339,235,1,1,0,0.9114,Far from nearest bin,Install new waste bin within 100m
GVP283,17.730246,83.294629,11,10,0.9090909090909092,60.2,67.11111111111111,74,86,2,False,True,medium,Medium,0,0.7593,High,"market_proximity, low_collection_frequency, chronic_recurrence",0,0.895616676907234,235,0,1,1,0.9112,High market proximity footfall,Deploy mobile cleanup unit near market
GVP120,17.765674,83.294076,11,10,0.9090909090909092,69.3,76.88888888888889,201,127,2,False,False,low,Medium,0,0.7503,High,"low_collection_frequency, chronic_recurrence",0,0.8956166769072339,235,0,0,0,0.9111,Low collection frequency,Increase collection frequency to daily
GVP119,17.766295,83.327229,11,10,0.9090909090909092,67.1,83.75,270,141,3,True,True,medium,Medium,0,0.7246,High,chronic_recurrence,0,0.895616676907234,235,1,1,1,0.9102,Far from nearest bin,Install new waste bin within 100m
GVP102,17.737642,83.318203,11,10,0.9090909090909092,60.3,66.77777777777777,501,31,7,True,True,medium,Low,1,0.5481,Medium,chronic_recurrence,0,0.8750806754722638,60,1,1,1,0.9102,balanced_infrastructure,Maintain regular monitoring schedule
GVP132,17.718956,83.317184,17,16,0.9411764705882352,37.625,53.63636363636363,16,182,6,False,False,high,Medium,2,0.7725,High,"no_bin_nearby, market_proximity, chronic_recurrence",0,0.8939393939393939,5,0,0,2,0.91,Far from nearest bin,Install new waste bin within 100m
GVP237,17.724909,83.304093,11,10,0.9090909090909092,53.7,67.75,464,5,4,True,False,medium,Low,0,0.5936,Medium,chronic_recurrence,0,0.895616676907234,235,1,0,1,0.9093,High regional cluster recurrence,Implement zone-level infrastructure intervention
GVP232,17.753758,83.282503,11,10,0.9090909090909092,70.1,70.3,538,48,6,False,True,low,Low,0,0.5647,Medium,chronic_recurrence,0,0.895616676907234,235,0,1,0,0.9091,High regional cluster recurrence,Implement zone-level infrastructure intervention
GVP074,17.730002,83.318556,15,14,0.9333333333333332,48.71428571428572,68.1,650,5,4,True,True,medium,Medium,1,0.5633,Medium,chronic_recurrence,0,0.8746697869257821,60,1,1,1,0.9087,balanced_infrastructure,Maintain regular monitoring schedule
GVP047,17.729941,83.324073,14,13,0.9285714285714286,41.46153846153846,48.90909090909091,639,27,3,True,False,low,Low,1,0.5911,Medium,chronic_recurrence,0,0.8747504971759837,60,1,0,0,0.9085,Low collection frequency,Increase collection frequency to daily
GVP294,17.730329,83.296362,21,19,0.9047619047619048,34.5,35.1578947368421,148,116,2,True,False,low,High,0,0.7548,High,"low_collection_frequency, chronic_recurrence",0,0.8956351769257339,235,1,0,0,0.9076,Low collection frequency,Increase collection frequency to daily
GVP065,17.744446,83.282181,21,19,0.9047619047619048,31.95,35.22222222222222,263,146,4,True,True,high,Medium,0,0.7097,High,chronic_recurrence,0,0.895635176925734,235,1,1,2,0.9076,Far from nearest bin,Install new waste bin within 100m
GVP227,17.733153,83.318307,11,10,0.9090909090909092,60.5,60.4,512,5,5,True,False,medium,Low,1,0.5657,Medium,chronic_recurrence,0,0.8750806754722638,60,1,0,1,0.9074,balanced_infrastructure,Maintain regular monitoring schedule
GVP300,17.733762,83.282964,10,9,0.9,51.11111111111112,65.57142857142857,184,46,7,False,False,low,Low,0,0.625,High,chronic_recurrence,0,0.895655526946084,235,0,0,0,0.9038,High market proximity footfall,Deploy mobile cleanup unit near market
GVP022,17.75299,83.284147,10,9,0.9,37.333333333333336,48.0,476,43,7,True,True,medium,Low,0,0.555,Medium,chronic_recurrence,0,0.895655526946084,235,1,1,1,0.9038,High regional cluster recurrence,Implement zone-level infrastructure intervention
GVP231,17.743249,83.323092,10,9,0.9,57.333333333333336,94.2,367,5,7,True,False,medium,Low,1,0.5613,Medium,chronic_recurrence,0,0.8752347586771946,60,1,0,1,0.9035,balanced_infrastructure,Maintain regular monitoring schedule
GVP188,17.726162,83.304276,10,9,0.9,61.77777777777778,61.66666666666666,114,210,5,True,True,low,Medium,0,0.7578,High,"no_bin_nearby, chronic_recurrence",0,0.895655526946084,235,1,1,0,0.9029,Far from nearest bin,Install new waste bin within 100m
GVP247,17.728054,83.304815,10,9,0.9,69.44444444444444,89.85714285714286,39,191,6,False,False,low,Medium,0,0.749,High,"no_bin_nearby, market_proximity, chronic_recurrence",0,0.895655526946084,235,0,0,0,0.9022,Far from nearest bin,Install new waste bin within 100m
GVP267,17.766345,83.31027,10,9,0.9,67.0,75.625,438,5,4,True,True,medium,Medium,0,0.5947,Medium,chronic_recurrence,0,0.895655526946084,235,1,1,1,0.9018,High regional cluster recurrence,Implement zone-level infrastructure intervention
GVP005,17.761638,83.328504,10,9,0.9,71.22222222222223,83.66666666666667,93,113,5,False,False,low,Low,0,0.7136,High,"market_proximity, chronic_recurrence",0,0.895655526946084,235,0,0,0,0.9018,High market proximity footfall,Deploy mobile cleanup unit near market
GVP170,17.765711,83.326174,10,9,0.9,59.888888888888886,60.333333333333336,283,32,4,False,True,medium,Low,0,0.6447,High,chronic_recurrence,0,0.895655526946084,235,0,1,1,0.9018,High regional cluster recurrence,Implement zone-level infrastructure intervention
GVP125,17.758058,83.298965,10,9,0.9,65.88888888888889,98.33333333333331,10,186,1,False,True,low,Medium,0,0.8366,High,"no_bin_nearby, market_proximity, low_collection_frequency, chronic_recurrence",0,0.895655526946084,235,0,1,0,0.9015,Far from nearest bin,Install new waste bin within 100m
GVP109,17.752017,83.301276,10,9,0.9,77.88888888888889,87.625,10,176,2,True,False,high,Medium,0,0.8149,High,"no_bin_nearby, market_proximity, low_collection_frequency, chronic_recurrence",0,0.895655526946084,235,1,0,2,0.9015,Far from nearest bin,Install new waste bin within 100m
GVP100,17.758476,83.286241,10,9,0.9,60.888888888888886,68.5,349,5,5,True,True,low,Low,0,0.5989,Medium,chronic_recurrence,0,0.895655526946084,235,1,1,0,0.9012,High regional cluster recurrence,Implement zone-level infrastructure intervention
GVP259,17.728113,83.285563,12,11,0.9166666666666666,54.18181818181818,54.72727272727273,571,49,4,False,True,high,Medium,0,0.595,Medium,chronic_recurrence,0,0.8955843018748589,235,0,1,2,0.8993,High regional cluster recurrence,Implement zone-level infrastructure intervention
GVP130,17.724465,83.293548,19,17,0.8947368421052632,36.61111111111112,45.38461538461539,36,84,2,True,True,low,Medium,0,0.7593,High,"market_proximity, low_collection_frequency, chronic_recurrence",0,0.8956780190738391,235,1,1,0,0.8976,High market proximity footfall,Deploy mobile cleanup unit near market
GVP252,17.76595,83.32195,13,12,0.9230769230769232,58.833333333333336,58.833333333333336,608,56,6,False,True,medium,Low,0,0.56,Medium,chronic_recurrence,0,0.8955569076166954,235,0,1,1,0.8963,High regional cluster recurrence,Implement zone-level infrastructure intervention
GVP094,17.744688,83.320325,10,9,0.9,76.22222222222223,85.875,356,5,7,False,True,medium,Low,1,0.5639,Medium,chronic_recurrence,0,0.8752347586771946,60,0,1,1,0.8963,balanced_infrastructure,Maintain regular monitoring schedule
GVP137,17.762507,83.312761,19,17,0.8947368421052632,34.44444444444444,40.61538461538461,204,79,2,False,True,medium,Medium,0,0.7174,High,"low_collection_frequency, chronic_recurrence",0,0.8956780190738391,235,0,1,1,0.8962,Low collection frequency,Increase collection frequency to daily
GVP072,17.756542,83.28897,11,10,0.9090909090909092,63.8,91.42857142857144,580,76,4,False,True,low,Medium,0,0.6024,High,chronic_recurrence,0,0.895616676907234,235,0,1,0,0.896,High regional cluster recurrence,Implement zone-level infrastructure intervention
GVP008,17.760466,83.286544,19,17,0.8947368421052632,38.66666666666666,40.66666666666666,10,204,1,False,False,medium,High,0,0.8429,High,"no_bin_nearby, market_proximity, low_collection_frequency, chronic_recurrence",0,0.8956780190738391,235,0,0,1,0.8955,Far from nearest bin,Install new waste bin within 100m
GVP211,17.745887,83.32316,10,9,0.9,45.44444444444444,51.5,317,5,7,False,True,low,Low,1,0.573,Medium,chronic_recurrence,0,0.8752347586771946,60,0,1,0,0.8946,balanced_infrastructure,Maintain regular monitoring schedule
GVP064,17.732479,83.328587,9,8,0.8888888888888888,70.375,59.42857142857143,78,53,3,False,True,high,Medium,1,0.7139,High,"market_proximity, chronic_recurrence",0,0.875423082594332,60,0,1,2,0.8931,High market proximity footfall,Deploy mobile cleanup unit near market
GVP201,17.730878,83.324426,9,8,0.8888888888888888,66.75,76.57142857142857,498,29,7,True,True,high,Medium,1,0.5367,Medium,chronic_recurrence,0,0.875423082594332,60,1,1,2,0.8929,balanced_infrastructure,Maintain regular monitoring schedule
GVP288,17.733344,83.326313,9,8,0.8888888888888888,83.875,84.375,108,71,4,True,True,medium,Medium,1,0.6993,High,chronic_recurrence,0,0.875423082594332,60,1,1,1,0.892,High market proximity footfall,Deploy mobile cleanup unit near market
GVP010,17.744155,83.297302,18,16,0.8888888888888888,39.8235294117647,50.23076923076923,175,134,2,False,True,low,Medium,0,0.7489,High,"low_collection_frequency, chronic_recurrence",0,0.8957030103269007,235,0,1,0,0.8916,Far from nearest bin,Install new waste bin within 100m
GVP118,17.725495,83.29782,9,8,0.8888888888888888,75.375,75.625,32,122,4,False,False,medium,Medium,0,0.743,High,"market_proximity, chronic_recurrence",0,0.8957030103269007,235,0,0,1,0.8908,High market proximity footfall,Deploy mobile cleanup unit near market
GVP171,17.726695,83.305608,9,8,0.8888888888888888,74.875,85.28571428571429,353,5,7,True,True,medium,Low,0,0.5585,Medium,chronic_recurrence,0,0.8957030103269007,235,1,1,1,0.8905,High regional cluster recurrence,Implement zone-level infrastructure intervention
GVP185,17.756848,83.295236,9,8,0.8888888888888888,86.0,85.875,246,72,6,True,True,low,Low,0,0.6342,High,chronic_recurrence,0,0.8957030103269007,235,1,1,0,0.8903,High regional cluster recurrence,Implement zone-level infrastructure intervention
GVP172,17.768161,83.309181,9,8,0.8888888888888888,81.5,93.14285714285714,189,105,4,True,True,medium,Medium,0,0.6976,High,chronic_recurrence,0,0.8957030103269007,235,1,1,1,0.8902,Far from nearest bin,Install new waste bin within 100m
GVP178,17.724994,83.2928,9,8,0.8888888888888888,67.5,77.0,134,174,3,False,False,low,Low,0,0.7621,High,"no_bin_nearby, chronic_recurrence",0,0.8957030103269007,235,0,0,0,0.89,Far from nearest bin,Install new waste bin within 100m
GVP223,17.756193,83.312806,9,8,0.8888888888888888,70.625,108.0,153,63,6,True,False,low,Low,0,0.6514,High,chronic_recurrence,0,0.8957030103269007,235,1,0,0,0.89,High market proximity footfall,Deploy mobile cleanup unit near market
GVP182,17.74444,83.29553,9,8,0.8888888888888888,67.75,76.0,264,95,2,True,False,medium,Medium,0,0.7083,High,"low_collection_frequency, chronic_recurrence",0,0.8957030103269007,235,1,0,1,0.89,Low collection frequency,Increase collection frequency to daily
GVP194,17.742619,83.294459,9,8,0.8888888888888888,70.875,81.0,317,44,7,False,False,medium,Low,0,0.5867,Medium,chronic_recurrence,0,0.8957030103269007,235,0,0,1,0.8899,High regional cluster recurrence,Implement zone-level infrastructure intervention
GVP123,17.765843,83.292153,9,8,0.8888888888888888,76.125,87.28571428571429,10,176,5,True,False,medium,Low,0,0.7588,High,"no_bin_nearby, market_proximity, chronic_recurrence",0,0.8957030103269007,235,1,0,1,0.8898,Far from nearest bin,Install new waste bin within 100m
GVP081,17.741292,83.298324,18,16,0.8888888888888888,33.47058823529412,37.8,35,312,1,True,False,high,High,0,0.8885,High,"no_bin_nearby, market_proximity, low_collection_frequency, chronic_recurrence",0,0.8957030103269007,235,1,0,2,0.8897,Far from nearest bin,Install new waste bin within 100m
GVP090,17.767449,83.327899,9,8,0.8888888888888888,70.25,130.25,215,58,3,False,True,medium,Low,0,0.6843,High,chronic_recurrence,0,0.8957030103269007,235,0,1,1,0.8892,Low collection frequency,Increase collection frequency to daily
GVP156,17.735633,83.284577,9,8,0.8888888888888888,79.5,91.0,83,76,4,False,True,low,Low,0,0.7077,High,"market_proximity, chronic_recurrence",0,0.8957030103269007,235,0,1,0,0.8888,High market proximity footfall,Deploy mobile cleanup unit near market
GVP017,17.734112,83.327633,8,7,0.875,72.42857142857143,83.0,198,157,2,False,True,low,Medium,1,0.7475,High,"no_bin_nearby, low_collection_frequency, chronic_recurrence",0,0.8756584874907537,60,0,1,0,0.8858,Far from nearest bin,Install new waste bin within 100m
GVP174,17.764592,83.302538,9,8,0.8888888888888888,74.375,73.875,247,5,7,False,False,medium,Low,0,0.5833,Medium,chronic_recurrence,0,0.8957030103269007,235,0,0,1,0.8841,High regional cluster recurrence,Implement zone-level infrastructure intervention
GVP213,17.731436,83.318746,10,9,0.9,68.33333333333333,68.22222222222223,584,80,7,True,True,medium,Low,1,0.5484,Medium,chronic_recurrence,0,0.8752347586771946,60,1,1,1,0.8815,balanced_infrastructure,Maintain regular monitoring schedule
GVP265,17.719529,83.330637,8,7,0.875,68.85714285714286,68.42857142857143,199,138,6,False,False,medium,Low,1,0.671,High,chronic_recurrence,0,0.8756584874907537,60,0,0,1,0.8808,Far from nearest bin,Install new waste bin within 100m
GVP271,17.73927,83.319848,17,15,0.8823529411764706,39.0,43.285714285714285,405,5,6,False,True,high,Medium,1,0.5594,Medium,chronic_recurrence,0,0.8755338613691188,60,0,1,2,0.8808,balanced_infrastructure,Maintain regular monitoring schedule
GVP134,17.744325,83.322247,8,7,0.875,85.14285714285714,85.57142857142857,396,84,6,False,False,medium,Low,1,0.5974,Medium,chronic_recurrence,0,0.8756584874907537,60,0,0,1,0.8804,balanced_infrastructure,Maintain regular monitoring schedule
GVP113,17.731367,83.318042,8,7,0.875,89.0,104.16666666666669,186,69,5,False,True,low,Low,1,0.6557,High,chronic_recurrence,0,0.8756584874907537,60,0,1,0,0.8801,balanced_infrastructure,Maintain regular monitoring schedule
GVP083,17.764219,83.320288,21,19,0.9047619047619048,35.4,35.21052631578947,579,5,5,True,False,medium,Medium,0,0.5476,Medium,chronic_recurrence,0,0.895635176925734,235,1,0,1,0.8791,High regional cluster recurrence,Implement zone-level infrastructure intervention
GVP266,17.757372,83.298611,8,7,0.875,82.0,95.83333333333331,10,320,1,False,True,medium,Medium,0,0.8907,High,"no_bin_nearby, market_proximity, low_collection_frequency, chronic_recurrence",0,0.8957623645529215,235,0,1,1,0.879,Far from nearest bin,Install new waste bin within 100m
GVP258,17.745153,83.329074,8,7,0.875,97.0,113.0,53,83,5,True,False,medium,Low,1,0.694,High,"market_proximity, chronic_recurrence",0,0.8756584874907539,60,1,0,1,0.8787,High market proximity footfall,Deploy mobile cleanup unit near market
GVP205,17.744878,83.320021,7,6,0.8571428571428571,68.0,67.83333333333333,356,172,3,True,True,medium,Low,1,0.6916,High,"no_bin_nearby, chronic_recurrence",0,0.8759611509290106,60,1,1,1,0.8772,Far from nearest bin,Install new waste bin within 100m
GVP151,17.746169,83.321252,15,13,0.8666666666666667,42.71428571428572,49.66666666666666,149,115,5,True,True,medium,Medium,1,0.6831,High,chronic_recurrence,0,0.8757997304286069,60,1,1,1,0.8759,Far from nearest bin,Install new waste bin within 100m
GVP143,17.730867,83.316036,8,7,0.875,81.85714285714286,115.8,512,54,7,True,False,low,Low,1,0.5384,Medium,chronic_recurrence,0,0.8756584874907537,60,1,0,0,0.8757,balanced_infrastructure,Maintain regular monitoring schedule
GVP004,17.734529,83.282137,24,21,0.875,24.13043478260869,22.63157894736842,193,87,3,False,True,high,Medium,0,0.6965,High,chronic_recurrence,0,0.8957623645529215,235,0,1,2,0.8748,Low collection frequency,Increase collection frequency to daily
GVP084,17.769228,83.309157,8,7,0.875,92.42857142857144,92.28571428571428,242,44,4,True,False,low,Low,0,0.6466,High,chronic_recurrence,0,0.8957623645529215,235,1,0,0,0.8744,High regional cluster recurrence,Implement zone-level infrastructure intervention
GVP253,17.732414,83.290285,16,14,0.875,39.93333333333333,43.46153846153846,177,95,5,True,True,high,Medium,0,0.671,High,chronic_recurrence,0,0.8957623645529215,235,1,1,2,0.8736,Far from nearest bin,Install new waste bin within 100m
GVP061,17.762558,83.315139,8,7,0.875,85.28571428571429,119.6,282,151,3,False,True,low,Medium,0,0.7081,High,"no_bin_nearby, chronic_recurrence",0,0.8957623645529215,235,0,1,0,0.8735,Far from nearest bin,Install new waste bin within 100m
GVP217,17.725897,83.299863,8,7,0.875,101.0,101.0,34,120,5,True,True,medium,Medium,0,0.7172,High,"market_proximity, chronic_recurrence",0,0.8957623645529215,235,1,1,1,0.8734,High market proximity footfall,Deploy mobile cleanup unit near market
GVP285,17.731403,83.291284,8,7,0.875,78.71428571428571,91.66666666666669,258,49,5,True,True,medium,Low,0,0.6287,High,chronic_recurrence,0,0.8957623645529215,235,1,1,1,0.873,High regional cluster recurrence,Implement zone-level infrastructure intervention
GVP020,17.729345,83.291758,15,13,0.8666666666666667,48.5,51.84615384615385,267,113,2,False,True,low,Medium,0,0.7044,High,"low_collection_frequency, chronic_recurrence",0,0.895797977088534,235,0,1,0,0.873,Low collection frequency,Increase collection frequency to daily
GVP221,17.759763,83.310264,8,7,0.875,53.0,52.57142857142857,373,88,5,True,False,high,Low,0,0.6215,High,chronic_recurrence,0,0.8957623645529215,235,1,0,2,0.8727,Far from nearest bin,Install new waste bin within 100m
GVP291,17.758188,83.295171,16,14,0.875,44.13333333333333,46.85714285714285,260,140,4,False,True,medium,Medium,0,0.691,High,chronic_recurrence,0,0.8957623645529215,235,0,1,1,0.8725,Far from nearest bin,Install new waste bin within 100m
GVP287,17.76035,83.289522,21,18,0.8571428571428571,32.65,38.35294117647059,10,292,1,True,True,high,High,0,0.8667,High,"no_bin_nearby, market_proximity, low_collection_frequency, chronic_recurrence",0,0.8958386771292342,235,1,1,2,0.8725,Far from nearest bin,Install new waste bin within 100m
GVP009,17.741919,83.290425,14,12,0.8571428571428571,49.69230769230769,52.45454545454545,91,143,1,True,True,high,Medium,0,0.7723,High,"market_proximity, low_collection_frequency, chronic_recurrence",0,0.8958386771292342,235,1,1,2,0.8724,Low collection frequency,Increase collection frequency to daily
GVP268,17.748123,83.280376,8,7,0.875,94.14285714285714,104.16666666666669,295,74,7,False,True,low,Low,0,0.5994,Medium,chronic_recurrence,0,0.8957623645529215,235,0,1,0,0.8722,High regional cluster recurrence,Implement zone-level infrastructure intervention
GVP160,17.757028,83.313147,8,7,0.875,77.28571428571429,78.0,209,62,6,False,True,medium,Medium,0,0.6301,High,chronic_recurrence,0,0.8957623645529215,235,0,1,1,0.8721,High regional cluster recurrence,Implement zone-level infrastructure intervention
GVP093,17.722439,83.317051,15,14,0.9333333333333332,40.142857142857146,43.23076923076923,165,66,1,True,True,low,Medium,2,0.7579,High,"low_collection_frequency, chronic_recurrence",0,0.8959001782531194,5,1,1,0,0.8718,Low collection frequency,Increase collection frequency to daily
GVP180,17.728794,83.294125,14,12,0.8571428571428571,54.07692307692308,56.0,59,123,2,True,True,medium,Medium,0,0.753,High,"market_proximity, low_collection_frequency, chronic_recurrence",0,0.8958386771292342,235,1,1,1,0.8709,High market proximity footfall,Deploy mobile cleanup unit near market
GVP189,17.721525,83.329951,7,6,0.8571428571428571,85.83333333333333,85.66666666666667,10,107,4,True,True,medium,Medium,1,0.7231,High,"market_proximity, chronic_recurrence",0,0.8759611509290105,60,1,1,1,0.8678,High market proximity footfall,Deploy mobile cleanup unit near market
GVP032,17.768369,83.288023,8,7,0.875,92.57142857142856,106.66666666666669,212,5,6,False,False,high,Low,0,0.6006,High,chronic_recurrence,0,0.8957623645529215,235,0,0,2,0.8678,High regional cluster recurrence,Implement zone-level infrastructure intervention
GVP095,17.757994,83.305624,14,12,0.8571428571428571,47.15384615384615,67.0,10,157,3,False,True,high,Medium,0,0.7651,High,"no_bin_nearby, market_proximity, chronic_recurrence",0,0.8958386771292342,235,0,1,2,0.8673,High market proximity footfall,Deploy mobile cleanup unit near market
GVP242,17.768549,83.311228,15,13,0.8666666666666667,46.642857142857146,66.77777777777777,364,9,7,False,False,low,Medium,0,0.5457,Medium,chronic_recurrence,0,0.895797977088534,235,0,0,0,0.8665,High regional cluster recurrence,Implement zone-level infrastructure intervention
GVP157,17.741662,83.295075,7,6,0.8571428571428571,84.16666666666667,95.0,189,92,3,False,True,medium,Low,0,0.6902,High,chronic_recurrence,0,0.8958386771292342,235,0,1,1,0.865,Low collection frequency,Increase collection frequency to daily
GVP016,17.73413,83.317922,14,12,0.8571428571428571,50.69230769230769,59.45454545454545,232,5,7,True,True,medium,Low,1,0.5694,Medium,chronic_recurrence,0,0.8759611509290106,60,1,1,1,0.8642,balanced_infrastructure,Maintain regular monitoring schedule
GVP087,17.738365,83.319216,7,6,0.8571428571428571,88.33333333333333,105.8,396,23,5,True,False,medium,Low,1,0.5734,Medium,chronic_recurrence,0,0.8759611509290106,60,1,0,1,0.8641,balanced_infrastructure,Maintain regular monitoring schedule
GVP245,17.760126,83.290265,7,6,0.8571428571428571,109.0,109.16666666666669,113,94,5,True,False,high,Medium,0,0.6757,High,chronic_recurrence,0,0.8958386771292342,235,1,0,2,0.8618,High market proximity footfall,Deploy mobile cleanup unit near market
GVP280,17.726713,83.305566,7,6,0.8571428571428571,68.5,82.2,107,49,5,False,True,low,Low,0,0.6543,High,chronic_recurrence,0,0.8958386771292342,235,0,1,0,0.8612,High market proximity footfall,Deploy mobile cleanup unit near market
GVP219,17.743251,83.282952,14,12,0.8571428571428571,48.23076923076923,46.75,116,84,6,False,True,high,Medium,0,0.6533,High,chronic_recurrence,0,0.8958386771292342,235,0,1,2,0.8612,High market proximity footfall,Deploy mobile cleanup unit near market
GVP202,17.730928,83.291271,7,6,0.8571428571428571,98.33333333333331,117.8,240,140,4,True,True,medium,Low,0,0.6859,High,chronic_recurrence,0,0.8958386771292342,235,1,1,1,0.8611,Far from nearest bin,Install new waste bin within 100m
GVP210,17.730946,83.294299,7,6,0.8571428571428571,66.33333333333333,78.8,176,82,6,False,True,low,Low,0,0.6382,High,chronic_recurrence,0,0.8958386771292342,235,0,1,0,0.8607,High market proximity footfall,Deploy mobile cleanup unit near market
GVP282,17.727125,83.304685,7,6,0.8571428571428571,111.33333333333331,61.25,497,32,5,True,True,medium,Low,0,0.5543,Medium,chronic_recurrence,0,0.8958386771292342,235,1,1,1,0.8598,High regional cluster recurrence,Implement zone-level infrastructure intervention
GVP144,17.767522,83.311801,7,6,0.8571428571428571,95.33333333333331,95.33333333333331,492,35,5,False,True,high,Low,0,0.557,Medium,chronic_recurrence,0,0.8958386771292342,235,0,1,2,0.859,High regional cluster recurrence,Implement zone-level infrastructure intervention
GVP228,17.75437,83.283442,14,12,0.8571428571428571,50.61538461538461,59.0,542,68,7,False,False,high,Medium,0,0.5286,Medium,chronic_recurrence,0,0.8958386771292342,235,0,0,2,0.8563,High regional cluster recurrence,Implement zone-level infrastructure intervention
GVP041,17.761873,83.313905,13,11,0.8461538461538461,59.5,70.4,190,35,6,True,True,low,Medium,0,0.6051,High,chronic_recurrence,0,0.8958856387146573,235,1,1,0,0.8557,High regional cluster recurrence,Implement zone-level infrastructure intervention
GVP248,17.764693,83.315703,13,11,0.8461538461538461,52.833333333333336,70.88888888888889,229,93,7,False,False,high,Medium,0,0.6086,High,chronic_recurrence,0,0.8958856387146573,235,0,0,2,0.8536,Far from nearest bin,Install new waste bin within 100m
GVP029,17.727185,83.298587,13,11,0.8461538461538461,57.833333333333336,62.90909090909091,220,57,5,False,False,low,Low,0,0.6258,High,chronic_recurrence,0,0.8958856387146573,235,0,0,0,0.8531,High regional cluster recurrence,Implement zone-level infrastructure intervention
GVP195,17.719226,83.32907,6,5,0.8333333333333334,103.6,260.5,54,48,3,False,True,medium,Medium,1,0.6865,High,"market_proximity, chronic_recurrence",0,0.8763647021800194,60,0,1,1,0.8515,High market proximity footfall,Deploy mobile cleanup unit near market
GVP239,17.75068,83.328324,12,10,0.8333333333333334,55.45454545454545,61.0,12,5,4,True,True,low,Medium,1,0.6579,High,"market_proximity, chronic_recurrence",0,0.8763647021800194,60,1,1,0,0.8404,High market proximity footfall,Deploy mobile cleanup unit near market
GVP290,17.733699,83.283839,6,5,0.8333333333333334,127.2,159.0,222,5,3,False,True,low,Medium,0,0.6253,High,chronic_recurrence,0,0.8959404272309842,235,0,1,0,0.8375,Low collection frequency,Increase collection frequency to daily
GVP229,17.733971,83.283516,6,5,0.8333333333333334,115.0,114.6,186,5,4,True,True,medium,Low,0,0.6171,High,chronic_recurrence,0,0.8959404272309842,235,1,1,1,0.8365,High regional cluster recurrence,Implement zone-level infrastructure intervention
GVP197,17.734991,83.318732,6,5,0.8333333333333334,111.6,138.75,394,5,7,False,True,high,Low,1,0.5183,Medium,chronic_recurrence,0,0.8763647021800194,60,0,1,2,0.8358,balanced_infrastructure,Maintain regular monitoring schedule
GVP131,17.741333,83.291069,6,5,0.8333333333333334,109.0,109.0,316,151,6,True,True,medium,Low,0,0.6272,High,"no_bin_nearby, chronic_recurrence",0,0.8959404272309842,235,1,1,1,0.8329,Far from nearest bin,Install new waste bin within 100m
GVP038,17.756585,83.296053,6,5,0.8333333333333334,78.8,98.0,315,104,6,True,True,low,Low,0,0.6036,High,chronic_recurrence,0,0.8959404272309842,235,1,1,0,0.8325,Far from nearest bin,Install new waste bin within 100m
GVP281,17.761243,83.28966,6,5,0.8333333333333334,95.6,119.5,174,5,6,True,True,low,Low,0,0.5866,Medium,chronic_recurrence,0,0.8959404272309842,235,1,1,0,0.8321,High market proximity footfall,Deploy mobile cleanup unit near market
GVP256,17.756269,83.283445,6,5,0.8333333333333334,133.8,222.3333333333333,316,78,5,True,False,medium,Low,0,0.6069,High,chronic_recurrence,0,0.8959404272309842,235,1,0,1,0.825,High regional cluster recurrence,Implement zone-level infrastructure intervention
GVP063,17.767311,83.314236,11,9,0.8181818181818182,57.5,64.11111111111111,158,97,6,False,True,high,Medium,0,0.6286,High,chronic_recurrence,0,0.8960051772957343,235,0,1,2,0.8248,High market proximity footfall,Deploy mobile cleanup unit near market
GVP080,17.759621,83.308334,6,5,0.8333333333333334,95.8,95.8,352,12,7,False,False,medium,Low,0,0.5317,Medium,chronic_recurrence,0,0.8959404272309842,235,0,0,1,0.8247,High regional cluster recurrence,Implement zone-level infrastructure intervention
GVP225,17.768166,83.28965,6,5,0.8333333333333334,98.4,122.5,349,5,7,False,False,medium,Low,0,0.5289,Medium,chronic_recurrence,0,0.8959404272309842,235,0,0,1,0.8241,High regional cluster recurrence,Implement zone-level infrastructure intervention
GVP034,17.760476,83.308918,11,9,0.8181818181818182,65.9,73.33333333333333,398,76,7,False,True,low,Low,0,0.545,Medium,chronic_recurrence,0,0.8960051772957343,235,0,1,0,0.8231,High regional cluster recurrence,Implement zone-level infrastructure intervention
GVP207,17.720096,83.33131,16,13,0.8125,43.8,38.833333333333336,42,37,4,False,True,medium,Medium,1,0.6556,High,"market_proximity, chronic_recurrence",0,0.8767178095246521,60,0,1,1,0.8174,High market proximity footfall,Deploy mobile cleanup unit near market
GVP050,17.72763,83.300658,17,14,0.8235294117647058,42.125,44.86666666666667,96,70,4,True,True,medium,Medium,0,0.6657,High,"market_proximity, chronic_recurrence",0,0.8959823243317049,235,1,1,1,0.8145,High market proximity footfall,Deploy mobile cleanup unit near market
GVP107,17.764564,83.304827,5,4,0.8,93.5,105.0,344,65,5,False,True,high,Low,0,0.5754,Medium,chronic_recurrence,0,0.8960828773734345,235,0,1,2,0.8109,High regional cluster recurrence,Implement zone-level infrastructure intervention
GVP293,17.721362,83.318761,11,10,0.9090909090909092,62.7,62.7,194,57,4,False,True,high,Medium,2,0.6832,High,chronic_recurrence,0,0.9019607843137255,5,0,1,2,0.8099,High regional cluster recurrence,Implement zone-level infrastructure intervention
GVP187,17.71996,83.316128,10,9,0.9,69.66666666666667,78.5,10,139,4,False,True,medium,Medium,2,0.7628,High,"market_proximity, chronic_recurrence",0,0.9042335115864527,5,0,1,1,0.8094,High market proximity footfall,Deploy mobile cleanup unit near market
GVP097,17.721479,83.316176,6,5,0.8333333333333334,93.4,116.75,162,117,5,False,True,medium,Low,2,0.6628,High,chronic_recurrence,0,0.9209001782531194,5,0,1,1,0.809,Far from nearest bin,Install new waste bin within 100m
GVP278,17.728089,83.285036,5,4,0.8,42.25,42.5,518,98,5,False,True,low,Low,0,0.5514,Medium,chronic_recurrence,0,0.8960828773734344,235,0,1,0,0.8084,Far from nearest bin,Install new waste bin within 100m
GVP051,17.763934,83.326807,11,9,0.8181818181818182,59.7,66.66666666666667,328,18,5,True,True,medium,Low,0,0.5654,Medium,chronic_recurrence,0,0.8960051772957343,235,1,1,1,0.8079,High regional cluster recurrence,Implement zone-level infrastructure intervention
GVP138,17.757624,83.295661,5,4,0.8,84.75,111.0,290,51,6,False,True,low,Low,0,0.5643,Medium,chronic_recurrence,0,0.8960828773734345,235,0,1,0,0.8065,High regional cluster recurrence,Implement zone-level infrastructure intervention
GVP177,17.747677,83.297466,5,4,0.8,54.25,54.25,575,56,6,False,True,medium,Low,0,0.5001,Medium,chronic_recurrence,0,0.8960828773734344,235,0,1,1,0.8056,High regional cluster recurrence,Implement zone-level infrastructure intervention
GVP191,17.720132,83.328532,5,4,0.8,123.5,124.0,193,63,4,True,True,medium,Low,1,0.6265,High,chronic_recurrence,0,0.8769296739314317,60,1,1,1,0.8029,balanced_infrastructure,Maintain regular monitoring schedule
GVP173,17.764307,83.316198,11,9,0.8181818181818182,62.7,65.0,179,104,4,True,False,medium,Medium,0,0.6605,High,chronic_recurrence,0,0.8960051772957343,235,1,0,1,0.792,Far from nearest bin,Install new waste bin within 100m
GVP255,17.734144,83.319221,5,4,0.8,163.0,160.75,298,37,5,True,True,high,Low,1,0.572,Medium,chronic_recurrence,0,0.8769296739314317,60,1,1,2,0.7915,balanced_infrastructure,Maintain regular monitoring schedule
GVP121,17.766215,83.327583,8,6,0.75,93.28571428571428,65.5,265,55,4,False,True,medium,Medium,0,0.5781,Medium,chronic_recurrence,0,0.8962965525871095,235,0,1,1,0.7823,High regional cluster recurrence,Implement zone-level infrastructure intervention
GVP246,17.724022,83.295252,5,4,0.8,176.25,176.75,56,148,3,True,True,low,Medium,0,0.7183,High,"market_proximity, chronic_recurrence",0,0.8960828773734343,235,1,1,0,0.779,High market proximity footfall,Deploy mobile cleanup unit near market
GVP270,17.72761,83.325061,5,4,0.8,111.25,148.0,612,26,7,False,False,low,Low,1,0.4595,Medium,chronic_recurrence,0,0.8769296739314318,60,0,0,0,0.7781,balanced_infrastructure,Maintain regular monitoring schedule
GVP076,17.764983,83.314935,10,8,0.8,63.0,58.71428571428572,200,5,2,True,True,low,Medium,0,0.6288,High,"low_collection_frequency, chronic_recurrence",0,0.8960828773734344,235,1,1,0,0.7741,Low collection frequency,Increase collection frequency to daily
GVP096,17.732715,83.329529,8,6,0.75,96.42857142857144,112.66666666666669,72,157,3,False,False,medium,Medium,1,0.6916,High,"no_bin_nearby, market_proximity, chronic_recurrence",0,0.8777771315585503,60,0,0,1,0.7734,Far from nearest bin,Install new waste bin within 100m
GVP167,17.764447,83.321495,9,7,0.7777777777777778,78.375,98.16666666666669,569,46,7,True,True,medium,Medium,0,0.4675,Medium,chronic_recurrence,0,0.8961778441350677,235,1,1,1,0.7637,High regional cluster recurrence,Implement zone-level infrastructure intervention
GVP150,17.726148,83.305247,4,3,0.75,206.66666666666663,310.0,120,114,6,False,False,medium,Low,0,0.6086,High,chronic_recurrence,0,0.8962965525871095,235,0,0,1,0.745,High market proximity footfall,Deploy mobile cleanup unit near market
GVP148,17.765081,83.316096,4,3,0.75,116.66666666666669,117.0,224,63,5,False,False,low,Low,0,0.575,Medium,chronic_recurrence,0,0.8962965525871095,235,0,0,0,0.7444,High regional cluster recurrence,Implement zone-level infrastructure intervention
GVP023,17.765318,83.314372,10,7,0.7,65.77777777777777,77.0,241,22,4,False,True,medium,Low,0,0.5395,Medium,none_identified,0,0.8965102278007848,235,0,1,1,0.7367,High regional cluster recurrence,Implement zone-level infrastructure intervention
GVP128,17.731391,83.295498,7,5,0.7142857142857143,102.83333333333331,94.4,91,119,4,False,False,medium,Low,0,0.6316,High,"market_proximity, chronic_recurrence",0,0.8964491777397346,235,0,0,1,0.7351,High market proximity footfall,Deploy mobile cleanup unit near market
GVP092,17.732046,83.292077,4,3,0.75,84.0,123.5,92,73,5,True,False,medium,Low,0,0.611,High,"market_proximity, chronic_recurrence",0,0.8962965525871095,235,1,0,1,0.7197,High market proximity footfall,Deploy mobile cleanup unit near market
GVP024,17.731713,83.292775,6,4,0.6666666666666666,112.6,140.5,13,134,4,False,False,low,Low,0,0.6313,High,market_proximity,0,0.896652677943235,235,0,0,0,0.7179,High market proximity footfall,Deploy mobile cleanup unit near market
GVP297,17.766915,83.32172,8,6,0.75,79.28571428571429,75.2,608,6,6,False,False,medium,Low,0,0.4395,Medium,chronic_recurrence,0,0.8962965525871095,235,0,0,1,0.7176,High regional cluster recurrence,Implement zone-level infrastructure intervention
GVP161,17.722748,83.293264,6,4,0.6666666666666666,131.2,124.5,65,124,3,True,True,low,Medium,0,0.6307,High,market_proximity,0,0.896652677943235,235,1,1,0,0.7159,High market proximity footfall,Deploy mobile cleanup unit near market
GVP196,17.73413,83.318912,4,3,0.75,57.66666666666666,57.66666666666666,137,5,5,False,True,medium,Low,1,0.5661,Medium,chronic_recurrence,0,0.8777771315585503,60,0,1,1,0.7146,High market proximity footfall,Deploy mobile cleanup unit near market
GVP254,17.764223,83.311822,3,2,0.6666666666666666,81.0,83.0,172,54,7,True,True,high,Low,0,0.5035,Medium,none_identified,0,0.896652677943235,235,1,1,2,0.6999,High market proximity footfall,Deploy mobile cleanup unit near market
GVP117,17.734261,83.318785,7,5,0.7142857142857143,115.0,123.0,201,37,6,True,True,medium,Low,1,0.531,Medium,chronic_recurrence,0,0.8783824584350638,60,1,1,1,0.6908,balanced_infrastructure,Maintain regular monitoring schedule
GVP078,17.752462,83.326616,2,1,0.5,11.0,10.0,97,55,6,True,False,medium,Low,1,0.4466,Medium,market_proximity,0,0.8820144196941437,60,1,0,1,0.6894,High market proximity footfall,Deploy mobile cleanup unit near market
GVP261,17.748302,83.281851,6,4,0.6666666666666666,50.8,89.5,208,5,6,True,True,medium,Low,0,0.4869,Medium,none_identified,0,0.896652677943235,235,1,1,1,0.681,High regional cluster recurrence,Implement zone-level infrastructure intervention
GVP127,17.754253,83.281118,3,2,0.6666666666666666,325.5,326.0,393,5,7,False,False,medium,Low,0,0.4269,Medium,none_identified,0,0.8966526779432349,235,0,0,1,0.6807,High regional cluster recurrence,Implement zone-level infrastructure intervention
GVP166,17.758446,83.295822,3,2,0.6666666666666666,92.0,92.5,315,13,5,True,True,medium,Low,0,0.4826,Medium,none_identified,0,0.896652677943235,235,1,1,1,0.6776,High regional cluster recurrence,Implement zone-level infrastructure intervention
GVP103,17.728854,83.324424,5,2,0.4,119.0,116.0,550,5,7,False,False,low,Low,1,0.2434,Low,none_identified,0,0.883709334948381,60,0,0,0,0.6646,balanced_infrastructure,Maintain regular monitoring schedule
GVP215,17.731638,83.282994,3,2,0.6666666666666666,145.0,0.0,105,5,6,True,False,medium,Low,0,0.5111,Medium,none_identified,189,0.896652677943235,235,1,0,1,0.655,Overdue for cleanup,Schedule immediate sanitation cleanup
GVP269,17.730372,83.284831,3,2,0.6666666666666666,245.5,245.0,36,23,7,True,False,high,Low,0,0.5197,Medium,market_proximity,0,0.896652677943235,235,1,0,2,0.6532,High market proximity footfall,Deploy mobile cleanup unit near market
GVP176,17.731321,83.293148,7,4,0.5714285714285714,110.83333333333331,205.0,263,33,3,True,False,medium,Medium,0,0.4858,Medium,none_identified,0,0.8970596783502354,235,1,0,1,0.6515,Low collection frequency,Increase collection frequency to daily
GVP206,17.76299,83.302679,5,3,0.6,153.75,116.0,162,19,5,True,False,medium,Medium,0,0.4848,Medium,none_identified,0,0.8969375782281354,235,1,0,1,0.6472,High market proximity footfall,Deploy mobile cleanup unit near market
